<?xml version="1.0" encoding="UTF-8"?>
<deploy xmlns="http://www.apache.org/ode/schemas/dd/2007/03" xmlns:b4p="http://docs.oasis-open.org/ns/bpel4people/bpel4people/200803" xmlns:claims="http://www.example.com/claims/" xmlns:productos.megacable.com="http://productos.megacable.com/" xmlns:sample="http://wso2.org/bps/sample">
  <process name="sample:VentaExclusivaBPEL">
    <active>true</active>
    <retired>false</retired>
    <process-events generate="all"/>
    <provide partnerLink="client">
      <service name="sample:VentaExclusivaBPEL" port="VentaExclusivaBPELPort"/>
    </provide>
    <provide partnerLink="ContinuidadPL" correlationFilter="b4p:b4pFilter">
      <service name="claims:ContinuidadServiceCB" port="ContinuidadPortCB"/>
    </provide>
    <invoke partnerLink="ContinuidadPL">
      <service name="claims:ContinuidadService" port="ContinuidadPort"/>
    </invoke>
    <invoke partnerLink="ContinuidadNPL">
      <service name="claims:ContinuidadNotifService" port="ContinuidadNotifPort"/>
    </invoke>
    <invoke partnerLink="InventarioPL">
      <service name="productos.megacable.com:InventarioService" port="InventarioServicePort"/>
    </invoke>
    <invoke partnerLink="NotificaPL">
      <service name="productos.megacable.com:NotificacionesService" port="NotificacionesServicePort"/>
    </invoke>
  </process>
</deploy>