﻿<NewDataSet><T><I>Articulo</I><F>2016-06-27T11:42:40.42Z</F></T><T><I>Cliente</I><F>2016-06-27T11:42:51.42Z</F></T><T><I>ClienteDomicilio</I><F>2016-06-27T11:42:52.42Z</F></T><T><I>ClienteTelefono</I><F>2016-06-27T11:42:52.42Z</F></T><T><I>DEVDetalle</I><F>1900-01-01T00:00:00</F></T><T><I>Devolucion</I><F>1900-01-01T00:00:00</F></T><T><I>Folio</I><F>2016-06-27T11:42:52.42Z</F></T><T><I>FolioDetalle</I><F>2016-06-27T11:42:52.42Z</F></T><T><I>Inventario</I><F>2016-06-27T11:42:52.42Z</F></T><T><I>ODTDetalle</I><F>1900-01-01T00:00:00</F></T><T><I>OrdenTrabajo</I><F>1900-01-01T00:00:00</F></T><T><I>Recarga</I><F>1900-01-01T00:00:00</F></T><T><I>RECDetalle</I><F>1900-01-01T00:00:00</F></T><T><I>Taller</I><F>2016-06-27T11:42:45.42Z</F></T><T><I>Traspaso</I><F>1900-01-01T00:00:00</F></T><T><I>TRPDetalle</I><F>1900-01-01T00:00:00</F></T><T><I>Usuario</I><F>2016-06-27T11:42:51.42Z</F></T><T><I>Vin</I><F>2016-06-27T11:42:52.42Z</F></T></NewDataSet>