<?xml version="1.0" encoding="UTF-8"?>
<deploy xmlns="http://www.apache.org/ode/schemas/dd/2007/03" xmlns:autorizador="http://com.tequila.rules/autorizador" xmlns:b4p="http://docs.oasis-open.org/ns/bpel4people/bpel4people/200803" xmlns:claims="http://www.example.com/claims/" xmlns:productos.megacable.com="http://productos.megacable.com/" xmlns:sample="http://wso2.org/bps/sample" xmlns:tequila="http://tequila/">
  <process name="sample:TequilaBPEL">
    <active>true</active>
    <process-events generate="all"/>
    <provide partnerLink="client">
      <service name="sample:TequilaBPEL" port="TequilaBPELPort"/>
    </provide>
    <provide partnerLink="ContabilidadPL" correlationFilter="b4p:b4pFilter">
      <service name="claims:ContabilidadServiceCB" port="ClaimPortCB"/>
    </provide>
    <provide partnerLink="MontoPL" correlationFilter="b4p:b4pFilter">
      <service name="claims:MontoServiceCB" port="MontoPortCB"/>
    </provide>
    <provide partnerLink="NotaCreditoPL" correlationFilter="b4p:b4pFilter">
      <service name="claims:NotaCreditoServiceCB" port="NotaCreditoPortCB"/>
    </provide>
    <provide partnerLink="DescuentoPL" correlationFilter="b4p:b4pFilter">
      <service name="claims:DescuentoServiceCB" port="DescuentoPortCB"/>
    </provide>
    <provide partnerLink="BonificacionPL" correlationFilter="b4p:b4pFilter">
      <service name="claims:BonificacionServiceCB" port="BonificacionPortCB"/>
    </provide>
    <provide partnerLink="BloqueoPL" correlationFilter="b4p:b4pFilter">
      <service name="claims:BloqueoServiceCB" port="BloqueoPortCB"/>
    </provide>
    <provide partnerLink="ClientePL" correlationFilter="b4p:b4pFilter">
      <service name="claims:ClienteServiceCB" port="ClientePortCB"/>
    </provide>
    <provide partnerLink="ContinuidadPL" correlationFilter="b4p:b4pFilter">
      <service name="claims:ContinuidadTServiceCB" port="ContinuidadTPortCB"/>
    </provide>
    <provide partnerLink="MaterialPL" correlationFilter="b4p:b4pFilter">
      <service name="claims:MaterialServiceCB" port="MaterialPortCB"/>
    </provide>
    <provide partnerLink="CambioMaterialPL" correlationFilter="b4p:b4pFilter">
      <service name="claims:CambioMaterialServiceCB" port="CambioMaterialPortCB"/>
    </provide>
    <invoke partnerLink="ContabilidadPL">
      <service name="claims:ContabilidadService" port="ClaimPort"/>
    </invoke>
    <invoke partnerLink="ContabilidadNPL">
      <service name="claims:ContabilidadNotifService" port="ClaimReminderPort"/>
    </invoke>
    <invoke partnerLink="MontoPL">
      <service name="claims:MontoService" port="MontoPort"/>
    </invoke>
    <invoke partnerLink="VentaExclusivaPL">
      <service name="sample:VentaExclusivaBPEL" port="VentaExclusivaBPELPort"/>
    </invoke>
    <invoke partnerLink="NotaCreditoPL">
      <service name="claims:NotaCreditoService" port="NotaCreditoPort"/>
    </invoke>
    <invoke partnerLink="NotaCreditoNPL">
      <service name="claims:NotaCreditoNotifService" port="NotaCreditoNotifPort"/>
    </invoke>
    <invoke partnerLink="AutorizadorPL">
      <service name="autorizador:AutorizadorService" port="AutorizadorServiceHttpSoap11Endpoint"/>
    </invoke>
    <invoke partnerLink="DescuentoPL">
      <service name="claims:DescuentoService" port="DescuentoPort"/>
    </invoke>
    <invoke partnerLink="DescuentoNPL">
      <service name="claims:DescuentoNotifService" port="DescuentoNotifPort"/>
    </invoke>
    <invoke partnerLink="BonificacionPL">
      <service name="claims:BonificacionService" port="BonificacionPort"/>
    </invoke>
    <invoke partnerLink="BonificacionNPL">
      <service name="claims:BonificacionNotifService" port="BonificacionNotifPort"/>
    </invoke>
    <invoke partnerLink="BloqueoPL">
      <service name="claims:BloqueoService" port="BloqueoPort"/>
    </invoke>
    <invoke partnerLink="BloqueoNPL">
      <service name="claims:BloqueoNotifService" port="BloqueoNotifPort"/>
    </invoke>
    <invoke partnerLink="ClientePL">
      <service name="claims:ClienteService" port="ClientePort"/>
    </invoke>
    <invoke partnerLink="ClienteNPL">
      <service name="claims:ClienteNotifService" port="ClienteNotifPort"/>
    </invoke>
    <invoke partnerLink="ContinuidadPL">
      <service name="claims:ContinuidadTService" port="ContinuidadTPort"/>
    </invoke>
    <invoke partnerLink="ContinuidadNPL">
      <service name="claims:ContinuidadTNotifService" port="ContinuidadTNotifPort"/>
    </invoke>
    <invoke partnerLink="MaterialPL">
      <service name="claims:MaterialService" port="MaterialPort"/>
    </invoke>
    <invoke partnerLink="MaterialNPL">
      <service name="claims:MaterialNotifService" port="MaterialNotifPort"/>
    </invoke>
    <invoke partnerLink="CostosPL">
      <service name="productos.megacable.com:CostosService" port="CostosServicePort"/>
    </invoke>
    <invoke partnerLink="InventarioPL">
      <service name="productos.megacable.com:InventarioService" port="InventarioServicePort"/>
    </invoke>
    <invoke partnerLink="BloqueoswsPL">
      <service name="productos.megacable.com:BloqueosService" port="BloqueosServicePort"/>
    </invoke>
    <invoke partnerLink="PrioridadesPL">
      <service name="productos.megacable.com:PrioridadesService" port="PrioridadesServicePort"/>
    </invoke>
    <invoke partnerLink="NotifwsPL">
      <service name="productos.megacable.com:NotificacionesService" port="NotificacionesServicePort"/>
    </invoke>
    <invoke partnerLink="CambioMaterialPL">
      <service name="claims:CambioMaterialService" port="CambioMaterialPort"/>
    </invoke>
  </process>
</deploy>